date,vehicle,vehicle_type,vehicle_group,activity_mode,distance_km,lifting_hours,gps_km,stop_sequence,activity_text,source_sheet,source_row,issued_litres,split
2026-02-07,Oil Field Truck,Truck,Truck,transport,55.0,0.0,,,"Mobilisasi alat berat dozer 01 dari KRG 10 ke KRG-19, Mobilisasi alat berat excavator 02 dari KRG-10 ke KRG 19",TrontonWinch,39,66.0,train
2026-02-08,Oil Field Truck,Truck,Truck,transport,50.0,0.0,,,Mobilisasi BHL-02 dari SKG-02 ke BEL-50,TrontonWinch,40,60.0,train
2026-02-10,Prime Mover,Truck,Truck,transport,83.0,0.0,82.9,POOL LIMAU,"Mobilisasi unit dari yard limau ke TMB. 13, Melayani setting pumping unit di TMB. 13",Prime Mover,42,88.0,train
2026-02-10,Wheel Crane,Crane,Crane,transport_and_lifting,83.0,3.0,81.5,POOL LIMAU → POOL LIMAU,"Mobiliasi unit dari yard limau ke TMB.13, Lifting setting pumping unit di TMB. 13",Whellcrane,42,142.0,train
2026-02-10,Winch Truck,Truck,Truck,transport,83.0,0.0,81.7,POOL LIMAU → POOL LIMAU,"Mobiliasi unit dari yard limau ke TMB.13, Melayani setting pumping unit di TMB. 13",TrontonWinch,42,88.0,train
2026-02-11,Oil Field Truck,Truck,Truck,transport,71.0,0.0,,POOL LIMAU → POOL LIMAU,Mobilisasi Exca 02 darei KRG-19 ke simpang pinang,TrontonWinch,43,77.0,train
2026-02-11,Prime Mover,Truck,Truck,transport,33.0,0.0,35.9,POOL LIMAU,Mobilisasi Wheloader dari BEL-14 ke 303 SP. II,Prime Mover,43,42.0,train
2026-02-11,Truck Crane 01,Crane,Crane,transport_and_lifting,3.0,1.0,1.9,POOL LIMAU → POOL LIMAU,Lifting radiator dan peralatan di WS RAM Limau,Truck Crane 01,43,25.0,train
2026-02-11,Truck Crane 02,Crane,Crane,transport_and_lifting,87.0,1.0,87.7,POOL LIMAU → POOL LIMAU,Lifting peralatan acid dari WS Limau ke TMB-23,Truck Crane 02,43,63.0,train
2026-02-12,Oil Field Truck,Truck,Truck,transport,71.0,0.0,,POOL LIMAU → POOL LIMAU,Mobilisasi Dozer 01 dari KRG 19 ke SP.Kuang,TrontonWinch,44,77.0,train
2026-02-12,Prime Mover,Truck,Truck,transport,87.0,0.0,45.0,POOL LIMAU,Mobilisasi pipa dari yard limau ke BEL-50,Prime Mover,44,91.0,train
2026-02-12,Wheel Crane,Crane,Crane,transport_and_lifting,3.0,1.0,,POOL LIMAU → POOL LIMAU,Lifting Lifting engine 2 unit ke mbil transport di WS RAM,Whellcrane,44,25.0,train
2026-02-13,Truck Crane 02,Crane,Crane,transport_and_lifting,82.0,1.0,82.4,SP TMB → POOL LIMAU,Lifting dan set pompa di SP. Tmb EPF (Trip jungai),Truck Crane 02,45,61.0,train
2026-02-14,Truck Crane 01,Crane,Crane,transport_and_lifting,8.0,0.5,5.6,POOL LIMAU → POOL LIMAU,Lifting genset dari lokasi 253 ke WS RAM Limau,Truck Crane 01,46,20.0,train
2026-02-15,Oil Field Truck,Truck,Truck,transport,208.0,0.0,,SP-X → L5A-086,Mobilisasi Exca 04,TrontonWinch,47,111.0,train
2026-02-15,Truck Crane 01,Crane,Crane,transport_and_lifting,84.5,1.0,86.2,,Lifting alat berat acid dengan wilden pump,Truck Crane 01,47,62.0,train
2026-02-17,Prime Mover,Truck,Truck,transport,47.0,0.0,34.4,YARD LIMAU → SP-XI → YARD LIMAU,Mobilisasi alat berat Bechoe loader 02 dari BEL-03 ke SP.XI,Prime Mover,49,55.0,train
2026-02-17,Truck Crane 02,Crane,Crane,transport_and_lifting,43.0,1.0,83.1,YARD LIMAU → BEL-050 → YARD LIMAU,"Lifting unit dari yard limau ke BEL-050, Melayanai angkat shelter di lok. Bel-050",Truck Crane 02,49,43.0,train
2026-02-18,Truck Crane 01,Crane,Crane,transport_and_lifting,13.0,1.0,6.7,YARD LIMAU → YARD LIMAU,"Lifting unit ari yard limau ke SKG.02, Lifting Loading unLifting Loading & melayani tie in di dalam SKG-02",Truck Crane 01,50,40.0,train
2026-02-18,Truck Crane 02,Crane,Crane,transport_and_lifting,76.5,1.0,65.3,YARD LIMAU → SP TMB → YARD LIMAU,"Lifting unit dari yard limau ke SP. TMB, Loading un;oading pemindahan IBC ke SP. TMB",Truck Crane 02,50,58.0,train
2026-02-19,Oil Field Truck,Truck,Truck,transport,112.0,0.0,,YARD LIMAU → BEL-050,Mobilisasi alat berat BHL 02 dari cluster niru ke BEL-05,TrontonWinch,51,85.0,train
2026-02-19,Prime Mover,Truck,Truck,transport,40.0,0.0,27.5,YARD LIMAU → SP-X → YARD LIMAU,Mobilisasi alat berat Wheloader 01 dari yard limau ke SP. X,Prime Mover,51,48.0,train
2026-02-19,Truck Crane 01,Crane,Crane,transport_and_lifting,81.2,2.0,82.6,YARD LIMAU → SP TMB → YARD LIMAU,"Lifting Loading unLifting Loading dan Lifting belt guard dari WS RAM ke SP. TMB, Lifting Loading unLifting Loading pemindahan IBC SP. TMB",Truck Crane 01,51,72.0,train
2026-02-19,Truck Crane 02,Crane,Crane,transport_and_lifting,40.0,1.0,24.6,YARD LIMAU → SP-X → YARD LIMAU,"Lifting unit dari yard limau ke SP. X, Lifting engine dari SP.X ke Yard Limau",Truck Crane 02,51,41.0,train
2026-02-20,Prime Mover,Truck,Truck,transport,42.0,0.0,44.5,YARD LIMAU → YARD PRABUMULIH → YARD LIMAU,Mobilisasi pipa & tubing casing dan pipa field prabu ke warehouse SCM,Prime Mover,52,50.0,train
2026-02-21,Prime Mover,Truck,Truck,transport,46.0,0.0,27.7,YARD LIMAU → YARD LIMAU,Mobilisasi Wheloader dari simpnag pinang ke lok. 270,Prime Mover,53,49.0,train
2026-02-21,Truck Crane 02,Crane,Crane,transport_and_lifting,98.8,3.0,82.9,YARD LIMAU → SP TMB → YARD LIMAU,Lifting portacamp dari KRG-33 ke SP. TMB,Truck Crane 02,53,92.0,train
2026-02-23,Truck Crane 02,Crane,Crane,transport_and_lifting,12.0,1.0,9.7,YARD LIMAU → L5A-303 → YARD LIMAU,Lifting eng arrow C255 darilok. 303 SP.II ke WS Ram,Truck Crane 02,55,29.0,train
2026-02-24,Prime Mover,Truck,Truck,transport,83.0,0.0,58.5,YARD LIMAU → YARD LIMAU,Mobilisasi pipa dari yard limau ke SP. KRG - SP. TMB,Prime Mover,56,62.0,train
2026-02-24,Truck Crane 01,Crane,Crane,transport_and_lifting,43.0,1.0,54.7,YARD LIMAU → BEL-050 → YARD LIMAU,"Lifting pipa 3"" DRL 10 Jts dari yard limau ke BEL-050",Truck Crane 01,56,43.0,train
2026-02-25,Truck Crane 01,Crane,Crane,transport_and_lifting,87.6,2.0,89.0,YARD LIMAU,Lifting Loading unLifting Loading & Lifting portacamp kecil dari KRG-12 ke lok. EPF TMB,Truck Crane 01,57,75.0,train
2026-02-25,Wheel Crane,Crane,Crane,transport_and_lifting,80.8,3.0,44.5,YARD LIMAU → EPF-TMB → YARD LIMAU,"Lifting penyusunan portacamp, waterfound di lokasi EPF. TMB",Whellcrane,57,140.0,train
2026-02-26,Prime Mover,Truck,Truck,transport,83.0,0.0,61.0,YARD LIMAU,Mobilisasi pipa dari yard limau ke line SP. KRG - SP. TMB,Prime Mover,58,62.0,train
2026-02-26,Truck Crane 01,Crane,Crane,transport_and_lifting,87.0,3.0,88.9,YARD LIMAU,Lifting Loading unLifting Loading & Lifting portacamp kecil dari KRG-12 ke lok. EPF TMB,Truck Crane 01,58,86.0,train
2026-02-26,Wheel Crane,Crane,Crane,transport_and_lifting,46.6,6.0,0.0,YARD LIMAU → EPF-TMB → YARD LIMAU,Lifting penyusunan tank & penyusunan skid,Whellcrane,58,153.0,train
2026-02-28,Wheel Crane,Crane,Crane,transport_and_lifting,46.6,6.0,0.0,YARD LIMAU → YARD LIMAU,Lifting penyusunan tank & penyusunan skid,Whellcrane,60,153.0,train
2026-04-01,Oil Field Truck,Truck,Truck,transport,180.0,0.0,,,"- Mobilisasi Excavator 01 dari Lok.250 ke 164 SP.XI, Mobilisasi Excavator 04 dari KRG-11 ke Lok. LMC 33, Mobilisasi Dozer 03 dari 140 ke Yard Cambai Prabumulih",TrontonWinch,92,110.0,train
2026-04-01,Prime Mover,Truck,Truck,transport,48.0,0.0,28.1,,Mobilisasi Pipa dari Yard Limau ke SP. XI,Prime Mover,92,55.0,train
2026-04-01,Truck Crane 02,Crane,Crane,transport_and_lifting,2.0,2.0,0.0,,"Lifting Material Tubing, Suckeroad, polish road dari Yard WOWS ke Yard LBD 03",Truck Crane 02,92,33.0,train
2026-04-02,Prime Mover,Truck,Truck,transport,82.0,0.0,87.6,,Mobilisasi pipa dari yard LB Limau ke lokasi SP. TMB,Prime Mover,93,90.0,train
2026-04-02,Truck Crane 01,Crane,Crane,transport_and_lifting,54.0,2.0,57.6,,Lifting pipa dari yard limau ke lokasi qreater SP. B,Truck Crane 01,93,62.0,train
2026-04-02,Truck Crane 02,Crane,Crane,transport_and_lifting,54.0,2.0,0.0,,Lifting pipa bekas dari SP. KRG ke Yard LBD,Truck Crane 02,93,60.0,train
2026-04-06,Prime Mover,Truck,Truck,transport,80.0,0.0,67.7,,Mobilisasi semen bis dan gearbox untuk reposisi PU dari 291 ke TMB-24,Prime Mover,97,85.0,train
2026-04-06,Truck Crane 01,Crane,Crane,transport_and_lifting,80.0,4.0,80.6,,Lifting Peralatan PU untuk reposisi PU dari lokasi 291 ke TMB-24,Truck Crane 01,97,95.0,train
2026-04-06,Winch Truck,Truck,Truck,transport,80.0,0.0,44.9,,Mobilisasi Peralatan semen bis dan engine untuk Mobilisasi PU dari lokasi 291 ke TMB 24,TrontonWinch,97,85.0,train
2026-04-07,Truck Crane 01,Crane,Crane,transport_and_lifting,36.0,1.0,35.4,,Lifting portacamp dari SP. Bel ke Yard LBD,Truck Crane 01,98,40.0,train
2026-04-07,Truck Crane 02,Crane,Crane,transport_and_lifting,10.0,1.0,0.0,,Lifting Spoolable dari WS Limau ke LMC-03,Truck Crane 02,98,28.0,train
2026-04-07,Winch Truck,Truck,Truck,transport,60.0,0.0,39.2,,Mobilisasi semen bis kecil dan besar PU di TMB-24,TrontonWinch,98,66.0,train
2026-04-08,Oil Field Truck,Truck,Truck,transport,115.0,0.0,,,"Mobilisasi Dozer 01 dari Pal-12 Talang jimar ke lok. 140, Mobilisasi Dozer 02 dari lok.140 ke SP.III",TrontonWinch,99,75.0,train
2026-04-09,Truck Crane 01,Crane,Crane,transport_and_lifting,2.0,4.0,2.4,,Lifting kabel di workshop WS Limau & menyusun/merapikan unit downhole ESP,Truck Crane 01,100,59.0,train
2026-04-09,Truck Crane 02,Crane,Crane,transport_and_lifting,52.0,4.0,0.0,,Lifting pompa dari yard limau danmelayani Lifting pompa di SP-07,Truck Crane 02,100,82.0,train
2026-04-10,Oil Field Truck,Truck,Truck,transport,75.0,0.0,,,Mobilisasi Excavator 02 dari lok-308 keloks. Bel-35,TrontonWinch,101,53.0,train
2026-04-10,Prime Mover,Truck,Truck,transport,52.0,0.0,93.2,,Mobilisasi pipa dari yard prabumulih ke yard limau,Prime Mover,101,62.0,train
2026-04-10,Truck Crane 01,Crane,Crane,transport_and_lifting,2.0,4.0,2.6,,Lifting kabel di workshop WS Limau & Menyusun unit downhole ESP,Truck Crane 01,101,59.0,train
2026-04-11,Prime Mover,Truck,Truck,transport,2.0,0.0,2.3,,Mobilisasi ex. Mobil vacum & ex.rumahan di WS Limau,Prime Mover,102,15.0,train
2026-04-11,Wheel Crane,Crane,Crane,transport_and_lifting,2.0,3.0,1.7,,Lifting ex. Mobil vacum & rumah sakit di WS Limau,Whellcrane,102,61.0,train
2026-04-12,Oil Field Truck,Truck,Truck,transport,90.0,0.0,,,"Mobilisasi excavator 01 dari SP.XI ke 5A-308, Mobilisasi vibro 02 dari yard limau ke lok.Bel-35",TrontonWinch,103,61.0,train
2026-04-14,Truck Crane 02,Crane,Crane,transport_and_lifting,67.0,3.0,51.7,,"Lifting muatan pagar PU di yard 08 Limau, Lifting Ex.drum sari SP.KRG ke SP. IX",Truck Crane 02,105,77.0,train
2026-04-15,Truck Crane 01,Crane,Crane,transport_and_lifting,75.0,3.0,71.7,,"Lifting pompa dari SP.08 dibawa ke SP.XI, Lifting pompa dari SP. 08 dibawa ke. SP.V",Truck Crane 01,106,81.0,train
2026-04-15,Truck Crane 02,Crane,Crane,transport_and_lifting,20.0,1.0,17.7,POOL LIMAU → YARD LIMAU → SP-II → SP-III → POOL LIMAU,Lifting pipa dari Yard limau ke lokasi SP.II dan SP. III,Truck Crane 02,106,32.0,train
2026-04-15,Wheel Crane,Crane,Crane,transport_and_lifting,15.0,1.0,11.5,,Lifting semen bis ke mobil transport di cluster nuri dan Lifting semen bis dari mobil transport di lokasi 5A-271,Whellcrane,106,42.0,train
2026-04-16,Prime Mover,Truck,Truck,transport,45.0,0.0,40.6,,Mobilisasi semen bis besar dari cluster niru ke lokasi 5A-271,Prime Mover,107,57.0,train
2026-04-16,Wheel Crane,Crane,Crane,transport_and_lifting,45.0,1.0,39.9,,Lifting Lifting engine ke mobil transport Bel--06 & Lifting Liftingan mobil transport di WS RAM Limau,Whellcrane,107,72.0,train
2026-04-17,Prime Mover,Truck,Truck,transport,10.0,0.0,8.2,,Mobilisasi Gearbox /Equipment PU besar dari WS Limau ke lokasi 271,Prime Mover,108,21.0,train
2026-04-17,Truck Crane 01,Crane,Crane,transport_and_lifting,26.0,5.0,27.6,,"Lifting pipa 8"" dari yard limau ke SP. VIII, Lifting peral.PU dari WS-L5A-271",Truck Crane 01,108,81.0,train
2026-04-17,Wheel Crane,Crane,Crane,transport_and_lifting,10.0,4.0,8.2,,Lifting peralatan PU dan Lifting di L5A-271,Whellcrane,108,85.0,train
2026-04-17,Winch Truck,Truck,Truck,transport,10.0,0.0,8.5,,Mobilisasi Peralatan pumping unit ke mobil Transport di WS Limau & bongkar dan setting peral.PU,TrontonWinch,108,21.0,train
2026-04-18,Truck Crane 02,Crane,Crane,transport_and_lifting,87.0,2.0,0.0,POOL LIMAU → YARD LIMAU → SP-KARANGAN → EPF-TMB → SP-KARANGAN → POOL LIMAU,Lifting PPD 30 drum 18 pcs ke SP Karangan dan 12 pcs ke EPF TMB,Truck Crane 02,109,75.0,train
2026-04-18,Wheel Crane,Crane,Crane,transport_and_lifting,15.0,5.0,13.0,POOL LIMAU → YARD LIMAU,"* perbaikan WPB PU di lokasi 269
 * lanjut Lifting peralatan PU ke mobil transport di 271 setting peralatan PU dari mobil transport di lokasi 271",Whellcrane,109,106.0,train
2026-04-19,Oil Field Truck,Truck,Truck,transport,52.0,0.0,,YARD LIMAU → SP-VII → YARD LIMAU → POOL LIMAU,Mobilisasi excavator 06 dari lokasi 226 ke lokasi SP VII,TrontonWinch,110,40.0,train
2026-04-19,Wheel Crane,Crane,Crane,transport_and_lifting,15.0,3.0,8.2,POOL LIMAU → YARD LIMAU,Lifting peralatan PU ke mobil transport di 271 setting peralatan PU dari mobil transport di lokasi 271,Whellcrane,110,74.0,train
2026-04-20,Oil Field Truck,Truck,Truck,transport,70.0,0.0,,YARD LIMAU → YARD LIMAU,Mobilisasi excavator 01 dari lokasi SP IX ke lokasi 308,TrontonWinch,111,50.0,train
2026-04-20,Prime Mover,Truck,Truck,transport,55.0,0.0,55.3,POOL LIMAU → YARD LIMAU → YARD PRABUMULIH → POOL LIMAU,Mobilisasi pipa dari yard prabumulih ke jalur 208/284,Prime Mover,111,62.0,train
2026-04-21,Prime Mover,Truck,Truck,transport,70.0,0.0,65.6,POOL LIMAU → YARD LIMAU → SP-KARANGAN → POOL LIMAU,Mobilisasi semen bis PU besar dari cluster niru ke lokasi KRG 31,Prime Mover,112,76.0,train
2026-04-21,Truck Crane 02,Crane,Crane,transport_and_lifting,10.0,1.0,0.0,POOL LIMAU → YARD LIMAU → POOL LIMAU,Lifting material bekas dan skide pump dari ws ram limau ke yard LBD limau,Truck Crane 02,112,28.0,train
2026-04-21,Wheel Crane,Crane,Crane,transport_and_lifting,70.0,4.0,64.7,POOL LIMAU → YARD LIMAU → POOL LIMAU,Lifting semen bis PU ke mobil transport di cluster niru dan Lifting semen bis PU dari mobil transport di lokasi KRG 31,Whellcrane,112,145.0,train
2026-04-21,Winch Truck,Truck,Truck,transport,70.0,0.0,65.4,POOL LIMAU → YARD LIMAU → POOL LIMAU,Mobilisasi semen bis PU kecil dari cluster niru ke lokasi KRG 31,TrontonWinch,112,76.0,train
2026-04-22,Oil Field Truck,Truck,Truck,transport,70.0,0.0,,YARD LIMAU → YARD LIMAU,Mobilisasi Dozer 02 dari SP 03 ke lokasi KRG 26,TrontonWinch,113,50.0,train
2026-04-22,Truck Crane 02,Crane,Crane,transport_and_lifting,60.0,4.0,0.0,YARD LIMAU → SP-V → POOL LIMAU,Lifting pompa injeksi dari ws limau ke SP V dan Lifting pergantian pompa injeksi di SP V,Truck Crane 02,113,80.0,train
2026-04-23,Prime Mover,Truck,Truck,transport,90.0,0.0,58.9,POOL LIMAU → YARD LIMAU,Mobilisasi gearbox/equipment PU besar dari WS Limau ke lokasi KRG 31,Prime Mover,114,94.0,train
2026-04-23,Truck Crane 01,Crane,Crane,transport_and_lifting,90.0,2.0,75.5,POOL LIMAU → YARD LIMAU → POOL LIMAU,Lifting pipa Shelter PU dari WS ram ke TMB 24 & Lifting perlatan PU dari WS Limau ke lokasi KRG 31,Truck Crane 01,114,76.0,train
2026-04-23,Truck Crane 02,Crane,Crane,transport_and_lifting,90.0,4.0,0.0,POOL LIMAU → YARD LIMAU → POOL LIMAU,Lifting perlatan PU dari WS Limau ke lokasi 31,Truck Crane 02,114,76.0,train
2026-04-23,Winch Truck,Truck,Truck,transport,90.0,0.0,58.8,POOL LIMAU → YARD LIMAU → POOL LIMAU,Mobilisasi peralatan PU ke mobil transport di WS limau dan bongkar Dan setting peralatan PU dari mobil transport di lokasi KRG 31,TrontonWinch,114,94.0,train
2026-04-24,Oil Field Truck,Truck,Truck,transport,87.0,0.0,,YARD LIMAU → SP-VII → YARD LIMAU,"- Mobilisasi excavator 01 dari lokasi 308 ke KRG 31
 - ⁠Mobilisasi excavator 06 dari lokasi 233 ke SP VII",TrontonWinch,115,59.0,train
2026-04-24,Truck Crane 01,Crane,Crane,transport_and_lifting,2.0,4.0,2.5,POOL LIMAU → YARD LIMAU,Lifting unit ESP dan penyusunan kabel ESP di WS ESP Limau,Truck Crane 01,115,59.0,train
2026-04-24,Truck Crane 02,Crane,Crane,transport_and_lifting,115.0,4.0,0.0,POOL LIMAU → YARD LIMAU → SP-XI → POOL LIMAU,"- Lifting pompa hps dari yard ejp ke SP XI dan lifting pergantian pompa di SP XI
 - ⁠Lifting ex pompa dari SP XI ke yard ejp lingkar",Truck Crane 02,115,111.0,train
2026-04-24,Wheel Crane,Crane,Crane,transport_and_lifting,90.0,5.0,0.0,POOL LIMAU → YARD LIMAU → POOL LIMAU,Lifting setting semen bis PU dan setting peralatan PU di lokasi KRG 31,Whellcrane,115,181.0,train
2026-04-25,Oil Field Truck,Truck,Truck,transport,90.0,0.0,,YARD LIMAU → SP-BELIMBING → SP-BELIMBING → YARD LIMAU,mobilisasi alat berat vibro compactor 02 dari BEL.35 ke L5a.250,TrontonWinch,116,61.0,train
2026-04-25,Truck Crane 01,Crane,Crane,transport_and_lifting,67.0,1.0,47.8,POOL LIMAU → YARD LIMAU → SP-VII → POOL LIMAU,Lifting Loading unLifting Loading dan Lifting pipa dari Sp.VII ke yard LBD.03 limau,Truck Crane 01,116,54.0,train
2026-04-25,Truck Crane 02,Crane,Crane,transport_and_lifting,40.0,1.0,0.0,YARD LIMAU → SP-BELIMBING → SP-BELIMBING → POOL LIMAU,Lifting dan Lifting plate dari yard limau ke BEL.06,Truck Crane 02,116,41.0,train
2026-04-26,Oil Field Truck,Truck,Truck,transport,111.0,0.0,,YARD LIMAU → SP-BELIMBING,"- mobilisasi alat berat Excavator 06 dari Sp.VII ke L5a.233
 - mobilisasi whell loader dari yard limau ke BEL.24",TrontonWinch,117,73.0,train
2026-04-26,Truck Crane 02,Crane,Crane,transport_and_lifting,72.0,1.0,0.0,YARD LIMAU → SP-VII → SP-V → SP-VII → POOL LIMAU,Lifting dan Lifting pipa DRL dari Sp.05 ke Sp.VII,Truck Crane 02,117,56.0,train
2026-04-26,Wheel Crane,Crane,Crane,transport_and_lifting,10.0,2.0,8.9,YARD LIMAU → POOL LIMAU,Lifting T/s pumping Gigatech di lokasi L5a.269 cluster niru,Whellcrane,117,53.0,train
2026-04-27,Oil Field Truck,Truck,Truck,transport,75.0,0.0,,YARD LIMAU → SP-BELIMBING → SP-BELIMBING,mobilisasi M.grader 02 dari yard limau ke BEL.24,TrontonWinch,118,53.0,train
2026-04-27,Truck Crane 01,Crane,Crane,transport_and_lifting,10.0,1.0,13.3,,Lifting muatan pipa exs Sp.VII di yard LBD.03 limau,Truck Crane 01,118,28.0,train
2026-04-27,Truck Crane 02,Crane,Crane,transport_and_lifting,52.0,4.0,0.0,YARD LIMAU → SP-VII → POOL LIMAU,Lifting pompa injeksi di dalam area SP. VII,Truck Crane 02,118,82.0,train
2026-04-28,Prime Mover,Truck,Truck,transport,77.0,0.0,71.1,YARD LIMAU → YARD LIMAU → SP-KARANGAN → YARD LIMAU,mobilisasi BASE PUMP dari Cluster niru ke lokasi KRG.24,Prime Mover,119,82.0,train
2026-04-28,Truck Crane 02,Crane,Crane,transport_and_lifting,2.0,7.0,0.0,POOL LIMAU → YARD WS → POOL LIMAU,"- Lifting unit MMU ke mobil Lifting di yard Wiws limau
 - Lifting pemindahan di Yard WS",Truck Crane 02,119,82.0,train
2026-04-28,Wheel Crane,Crane,Crane,transport_and_lifting,77.0,1.0,70.1,YARD LIMAU → YARD LIMAU → SP-KARANGAN → YARD LIMAU,Lifting Lifting semen bis ke mobil transport di Cluster niru dan UnLifting di KRG.24,Whellcrane,119,104.0,train
2026-04-28,Winch Truck,Truck,Truck,transport,77.0,0.0,71.5,YARD LIMAU → YARD LIMAU → SP-KARANGAN → YARD LIMAU,mobilisasi BASE PUMP dari Cluster niru ke lokasi KRG.24,TrontonWinch,119,82.0,train
2026-04-29,Prime Mover,Truck,Truck,transport,77.0,0.0,64.7,YARD LIMAU → YARD LIMAU → SP-KARANGAN → YARD LIMAU,mobilisasi peralatan pumping Gigatech dari yard SCM limau ke lokasi KRG.24,Prime Mover,120,82.0,train
2026-04-29,Truck Crane 01,Crane,Crane,transport_and_lifting,85.0,2.0,76.5,YARD LIMAU → YARD LIMAU → SP-KARANGAN → YARD LIMAU,"Lifting peralatan pumping Gigatech dari yard SCM limau ke lokasi KRG.24 & Lifting Loading unLifting Loading engine dan Lifting engine dari KRG.10, KRG.20, KRG.21 ke yard limau",Truck Crane 01,120,74.0,train
2026-04-29,Truck Crane 02,Crane,Crane,transport_and_lifting,77.0,2.0,0.0,YARD LIMAU → YARD LIMAU → SP-KARANGAN → YARD LIMAU,Lifting peralatan pumping Gigatech dari yard SCM limau ke lokasi KRG.24,Truck Crane 02,120,70.0,train
2026-04-29,Winch Truck,Truck,Truck,transport,77.0,0.0,64.2,YARD LIMAU → YARD LIMAU → SP-KARANGAN → YARD LIMAU,mobilisasi peralatan pumping Gigatech dari yard SCM limau ke lokasi KRG.24,TrontonWinch,120,82.0,train
2026-04-30,Oil Field Truck,Truck,Truck,transport,128.0,0.0,,YARD LIMAU → SP-BELIMBING → YARD LIMAU,mobilisasi akat berat Vibro compactor dari yard limau ke BEL.24,TrontonWinch,121,82.0,train
2026-04-30,Truck Crane 02,Crane,Crane,transport_and_lifting,15.0,1.0,0.0,YARD LIMAU → SP-XI,Lifting pipa dari Ws ram limau ke Sp.XI,Truck Crane 02,121,30.0,train
2026-05-02,Truck Crane 01,Crane,Crane,transport_and_lifting,2.0,2.0,2.7,YARD LIMAU,Lifting peralatan dan pemindahan engine dari yard Wiws ke yard SCM limau,Truck Crane 01,123,36.0,train
2026-05-02,Wheel Crane,Crane,Crane,transport_and_lifting,2.0,2.0,1.8,YARD LIMAU,Lifting lifting peralatan dan pemindahan material dari yard Wiws ke yard SCM limau,Whellcrane,123,45.0,train
2026-05-03,Oil Field Truck,Truck,Truck,transport,155.0,0.0,,YARD LIMAU → YARD LIMAU,"- Mobilisasi excavator 06 dari 233 ke 282
 - ⁠Mobilisasi Whelloader dari yard limau ke Bel-33",TrontonWinch,124,97.0,train
2026-05-03,Truck Crane 01,Crane,Crane,transport_and_lifting,2.0,4.0,2.9,YARD LIMAU → POOL LIMAU,Lifting peralatan dan pemindahan engine dari yard Wiws ke yard SCM limau,Truck Crane 01,124,59.0,train
2026-05-03,Truck Crane 02,Crane,Crane,transport_and_lifting,2.0,4.0,0.0,YARD LIMAU → POOL LIMAU,Lifting peralatan dan pemindahan engine dari yard Wiws ke yard SCM limau,Truck Crane 02,124,59.0,train
2026-05-03,Wheel Crane,Crane,Crane,transport_and_lifting,2.0,4.0,1.9,YARD LIMAU → POOL LIMAU,Lifting lifting peralatan dan pemindahan material dari yard wows ke yard SCM limau,Whellcrane,124,77.0,train
2026-05-04,Oil Field Truck,Truck,Truck,transport,143.0,0.0,,YARD LIMAU → SP-V → SP-VIII → YARD LIMAU,Mobilisasi Dozer 01 dari lokasi 140 ke lokasi 055 SP VIII,TrontonWinch,125,90.0,train
2026-05-04,Prime Mover,Truck,Truck,transport,20.0,0.0,20.3,YARD LIMAU → POOL LIMAU,Mobilisasi pipa dari yard limau di bawa ke lokasi dan ecer pipa di lokasi SP 03 - SKG 02,Prime Mover,125,30.0,train
2026-05-04,Truck Crane 02,Crane,Crane,transport_and_lifting,2.0,4.0,0.0,YARD LIMAU → POOL LIMAU,Lifting peralatan dan pemindahan pompa dari yard wows,Truck Crane 02,125,59.0,train
2026-05-05,Oil Field Truck,Truck,Truck,transport,90.0,0.0,,YARD LIMAU → SP-VIII → SP-III → YARD LIMAU,Mobilisasi Dozer 01 dari 055 SP VIII ke SP III,TrontonWinch,126,61.0,train
2026-05-05,Truck Crane 01,Crane,Crane,transport_and_lifting,15.0,1.0,20.2,YARD LIMAU,Lifting pipa 4” dari yard limau ke lokasi 203,Truck Crane 01,126,30.0,train
2026-05-05,Truck Crane 02,Crane,Crane,transport_and_lifting,15.0,1.0,0.0,YARD LIMAU → POOL LIMAU,Lifting genset dari yard wows ke WS ram limau,Truck Crane 02,126,30.0,train
2026-05-06,Oil Field Truck,Truck,Truck,transport,100.0,0.0,,YARD LIMAU → YARD LIMAU,"- Mobilisasi Dozer 01 dari SP III ke lokasi 282
 - ⁠Mobilisasi excavator 02 dari Bel-35 ke lokasi Bel-33",TrontonWinch,127,66.0,train
2026-05-06,Prime Mover,Truck,Truck,transport,55.0,0.0,48.0,YARD LIMAU → SP-VII → POOL LIMAU,Mobilisasi pipa 20 jts dari yard limau ke SP VII,Prime Mover,127,62.0,train
2026-05-06,Truck Crane 01,Crane,Crane,transport_and_lifting,10.0,1.0,12.6,POOL LIMAU → YARD LIMAU → POOL LIMAU,Lifting pipa dari yard scm limau ke ws ram limau,Truck Crane 01,127,28.0,train
2026-05-06,Truck Crane 02,Crane,Crane,transport_and_lifting,95.3,2.0,71.4,YARD LIMAU → POOL LIMAU,Lifting separator MTU dari KRG 24 ke KRG 12,Truck Crane 02,127,79.0,train
2026-05-08,Oil Field Truck,Truck,Truck,transport,20.0,0.0,,POOL LIMAU → YARD LIMAU → POOL LIMAU,Mobilisasi pipa 2” ke LMC 23 / 309,TrontonWinch,129,30.0,train
2026-05-08,Prime Mover,Truck,Truck,transport,35.0,0.0,19.4,POOL LIMAU → YARD LIMAU → POOL LIMAU,Mobilisasi pipa dari yard limau di bawa ke jalur SP 03 - SKG 02,Prime Mover,129,46.0,train
2026-05-08,Truck Crane 01,Crane,Crane,transport_and_lifting,60.0,3.0,65.1,POOL LIMAU → YARD LIMAU → POOL LIMAU,"Lifting sucruber dari yard limau 1 pcs dan scruber di yard 08 1 pcs limau di bawa ke, KRG 24, dan KRG 31",Truck Crane 01,129,74.0,train
2026-05-10,Truck Crane 01,Crane,Crane,transport_and_lifting,25.0,1.0,0.0,POOL LIMAU → YARD LIMAU → POOL LIMAU,Lifting reposisi dan setting Perlatan PU di lokasi lokasi 254,Truck Crane 01,131,29.0,train
2026-05-11,Oil Field Truck,Truck,Truck,transport,85.0,0.0,,YARD LIMAU → YARD LIMAU,⁠Mobilisasi excavator 07 dari yard cambai ke desa baru rambang,TrontonWinch,132,53.0,train
2026-05-11,Truck Crane 01,Crane,Crane,transport_and_lifting,50.0,1.0,61.3,POOL LIMAU → YARD LIMAU → YARD LIMAU → POOL LIMAU,Lifting pipa 2” dari yard limau ke LMC 33 dan ke Bel-35,Truck Crane 01,132,43.0,train
2026-05-12,Oil Field Truck,Truck,Truck,transport,85.0,0.0,,YARD LIMAU → YARD LIMAU,Mobilisasi excavator 07 dari yard cambai ke desa baru rambang,TrontonWinch,133,52.0,train
2026-05-12,Truck Crane 01,Crane,Crane,transport_and_lifting,50.0,1.0,50.6,POOL LIMAU → YARD LIMAU → YARD LIMAU → POOL LIMAU,Lifting pipa 2” dari yard limau ke LMC 33 dan ke Bel-35,Truck Crane 01,133,43.0,train
2026-05-12,Truck Crane 02,Crane,Crane,transport_and_lifting,33.0,6.0,36.2,POOL LIMAU → YARD LIMAU → POOL LIMAU,"- Lifting bit dari WS Scm limau ke Gudang warehouse
 - ⁠Lifting peralatan Slickline dari workshop ESP limau ke BEL-041",Truck Crane 02,133,108.0,train
2026-05-13,Oil Field Truck,Truck,Truck,transport,86.0,0.0,,YARD LIMAU → YARD LIMAU → YARD LIMAU,Mobilisasi BHL 02 dari yard limau ke lokasi Bel 35,TrontonWinch,134,53.0,train
2026-05-13,Prime Mover,Truck,Truck,transport,160.0,0.0,105.2,POOL LIMAU → SP-BELIMBING → SP-KARANGAN → POOL LIMAU,Mobilisasi unit dari pool limau Ke SP Mini Sopa field Pendopo & ⁠Mobilisasi unit WHC dari SP Mini Sopa di bawa ke KRG-12,Prime Mover,134,153.0,train
2026-05-13,Truck Crane 02,Crane,Crane,transport_and_lifting,160.0,3.0,104.4,POOL LIMAU → POOL LIMAU → POOL LIMAU,"- Lifting unit dari pool limau Ke SP Mini Sopa field Pendopo
 - ⁠Lifting material WHC dan panel dari SP Mini Sopa di bawa ke KRG-12",Truck Crane 02,134,114.0,train
2026-05-13,Wheel Crane,Crane,Crane,transport_and_lifting,160.0,1.0,104.5,POOL LIMAU → YARD LIMAU → POOL LIMAU → POOL LIMAU,"- Lifting set unit dari pool limau Ke SP Mini Sopa field Pendopo
 - ⁠lifting material/Panel WHC dan Lifting unit WHC ke mobil transport dari SP Mini Sopa di bawa ke KRG-12",Whellcrane,134,182.0,train
2026-05-15,Truck Crane 01,Crane,Crane,transport_and_lifting,30.0,2.0,33.2,YARD LIMAU → YARD LIMAU,Lifting Loading unLifting Loading dan Lifting (deLifting) peralatan Slickline dari BEL.41 ke yard limau,Truck Crane 01,136,49.0,train
2026-05-16,Oil Field Truck,Truck,Truck,transport,200.0,0.0,,YARD LIMAU → YARD LIMAU,Mobilisasi excavator 05 dari lokasi Kampung minyak Pilona ke lokasi KM 66,TrontonWinch,137,116.0,train
2026-05-16,Truck Crane 01,Crane,Crane,transport_and_lifting,54.0,4.0,59.4,POOL LIMAU → YARD LIMAU → POOL LIMAU,"- Lifting enggine arrow dari yard SCM Limau di bawa ke lokasi KRG-31
 - ⁠Lanjut perapian material pumping di yard pipa scm",Truck Crane 01,137,77.0,train
2026-05-17,Oil Field Truck,Truck,Truck,transport,180.0,0.0,,YARD LIMAU → YARD LIMAU,Mobilisasi excavator 05 dari yard limau ke lokasi KM 66 suban gerigi,TrontonWinch,138,105.0,train
2026-05-18,Oil Field Truck,Truck,Truck,transport,157.0,0.0,,YARD LIMAU → YARD LIMAU,"- Mobilisasi Vibro 02 dari Bel-33 krayan ke lokasi 308 SP 02
 - ⁠Mobilisasi greader 02 dari Bel-33 ke lokasi 308 SP 02
 - ⁠Mobilisasi Excavator 04 dari Bel-13 ke Bel-33",TrontonWinch,139,92.0,train
2026-05-18,Prime Mover,Truck,Truck,transport,80.0,0.0,58.3,POOL LIMAU → YARD LIMAU → SP-KARANGAN → POOL LIMAU,Lanjut Mobilisasi unit WHC dari yard limau ke lokasi KRG-12,Prime Mover,139,79.0,train
2026-05-18,Truck Crane 01,Crane,Crane,transport_and_lifting,85.0,5.0,82.1,POOL LIMAU → YARD LIMAU → SP-KARANGAN → POOL LIMAU,"- Lifting PPD dari WS Limau ke SP Karangan dan TMB
 - lanjut setting struktur/tiang shelter kompresor di lokasi KRG-12",Truck Crane 01,139,101.0,train
2026-05-18,Truck Crane 02,Crane,Crane,transport_and_lifting,80.0,1.0,71.5,POOL LIMAU → YARD LIMAU → SP-KARANGAN → POOL LIMAU,Mobiliasi material dan panel WHC dari Yard limau ke lokasi KRG-12,Truck Crane 02,139,54.0,train
2026-05-18,Wheel Crane,Crane,Crane,transport_and_lifting,80.0,1.0,57.3,POOL LIMAU → YARD LIMAU → SP-KARANGAN → POOL LIMAU,"- Lifting unit dari yard limau ke KRG-12
 - ⁠Lanjut Lifting peralatan dan unit WHC di lokasi KRG-12",Whellcrane,139,102.0,train
2026-05-19,Truck Crane 01,Crane,Crane,transport_and_lifting,80.0,5.0,74.0,POOL LIMAU → YARD LIMAU → SP-KARANGAN → POOL LIMAU,"- Lifting peralatan PU dari yard limau ke lokasi KRG-26
 - lanjut setting struktur/tiang shelter kompresor di lokasi KRG-12",Truck Crane 01,140,103.0,train
2026-05-19,Truck Crane 02,Crane,Crane,transport_and_lifting,85.0,4.0,61.8,YARD LIMAU → SP-KARANGAN → YARD LIMAU,"- Lifting peralatan PU dari yard Limau ke lokasi KRG-26
 - ⁠Lifting di lokasi KRG-26",Truck Crane 02,140,96.0,train
2026-05-19,Wheel Crane,Crane,Crane,transport_and_lifting,85.0,2.0,86.4,YARD LIMAU → SP-KARANGAN → YARD LIMAU,Lifting semen bis ke mobil transport dari lokasi 284 dan lanjut Lifting semen bis dari mobil transport dan Lifting Semen bis di lokasi KRG-26,Whellcrane,140,123.0,train
2026-05-19,Winch Truck,Truck,Truck,transport,85.0,0.0,0.0,YARD LIMAU → SP-KARANGAN → YARD LIMAU,Mobilisasi semen bis kecil dari lokasi 284 ke lokasi KRG-26,TrontonWinch,140,84.0,train
2026-05-20,Prime Mover,Truck,Truck,transport,85.0,0.0,72.1,YARD LIMAU → SP-KARANGAN → YARD LIMAU,Mobilisasi Gearbox dari yard limau ke lokasi KRG-26,Prime Mover,141,84.0,train
2026-05-20,Truck Crane 01,Crane,Crane,transport_and_lifting,90.0,3.0,83.7,POOL LIMAU → YARD LIMAU → SP-V → SP-KARANGAN → POOL LIMAU,Lifting scruber dari SP V di bawa ke lokasi KRG-12,Truck Crane 01,141,82.0,train
2026-05-20,Winch Truck,Truck,Truck,transport,45.0,0.0,0.0,YARD LIMAU → YARD LIMAU,"Mobilisasi Pipa 3""DRL : 10 jts dari yard limau ke BEL 33",TrontonWinch,141,47.0,train
2026-05-21,Truck Crane 01,Crane,Crane,transport_and_lifting,59.0,2.0,54.9,POOL LIMAU → YARD LIMAU → SP-V → POOL LIMAU,Lifting Loading unLifting Loading pompa injeksi di SP V,Truck Crane 01,142,52.0,train
2026-05-21,Truck Crane 02,Crane,Crane,transport_and_lifting,85.0,2.0,61.6,YARD LIMAU → SP-KARANGAN → YARD LIMAU,"- Lifting enggine arrow PU dari yard Limau ke lokasi KRG-26
 - ⁠Lifting di lokasi KRG-26",Truck Crane 02,142,68.0,train
2026-05-22,Oil Field Truck,Truck,Truck,transport,180.0,0.0,,YARD LIMAU,"- Mobilisasi Vibro 01 dari KRG 26 ke SP 09
 - Mobilisasi BHL 02 dari Bel-41 ke lokasi SP 03
 - ⁠Mobilisasi Dozer 01 dari jalan trunline PLTU ke SP 03",TrontonWinch,143,99.0,train
2026-05-22,Truck Crane 01,Crane,Crane,transport_and_lifting,7.0,4.0,9.8,POOL LIMAU → YARD LIMAU → YARD LBD → POOL LIMAU,"- Lifting Trafo dari WS Wows limau ke lokasi LMC-33 dan ex trafo Lifting dari LMC-33 ke WS Wows limau
 - ⁠Lifting casing 14” 8 jts dari yard LBD ke WS Wows limau",Truck Crane 01,143,61.0,train
2026-05-23,Oil Field Truck,Truck,Truck,transport,175.0,0.0,,YARD LIMAU → YARD LIMAU,Mobilisasi excavator 04 dari lokasi Belimbing-03 ke lokasi sengkuang 09 (Pilona),TrontonWinch,144,102.0,train
2026-05-23,Truck Crane 01,Crane,Crane,transport_and_lifting,60.0,4.0,54.4,POOL LIMAU → YARD LIMAU → SP-V → POOL LIMAU,Lifting Loading unLifting Loading enggine di SP V,Truck Crane 01,144,86.0,train
2026-05-24,Oil Field Truck,Truck,Truck,transport,152.0,0.0,,YARD LIMAU → SP-KARANGAN,"- Mobilisasi excavator 01 dari KRG 26 ke Pal-12
 - ⁠Mobilisasi excavator 02 dari Bel-12 ke LMC-36",TrontonWinch,145,90.0,train
2026-05-25,Oil Field Truck,Truck,Truck,transport,95.0,0.0,,YARD LIMAU → SP-V → YARD LIMAU,Mobilisasi Vibro 01 dari SP 09 ke SP V,TrontonWinch,146,58.0,train
2026-05-25,Prime Mover,Truck,Truck,transport,55.0,0.0,91.7,POOL LIMAU → YARD LIMAU → YARD PRABUMULIH → BOOSTER NIRU → POOL LIMAU,Mobilisasi pipa dari yard prabumulih dan yard limau di bawa ke booster niru,Prime Mover,146,56.0,train
2026-05-25,Truck Crane 01,Crane,Crane,transport_and_lifting,4.0,4.0,2.2,POOL LIMAU → YARD LIMAU → POOL LIMAU,Lifting Loading muatan ESP dan melayani team ESP di WS ESP Limau,Truck Crane 01,146,60.0,train
2026-05-25,Truck Crane 02,Crane,Crane,transport_and_lifting,130.0,2.0,127.1,SP-KARANGAN,Lifting WHC dari lokasi BNG-49 (Benuang field adira) di bawa ke SP Karangan,Truck Crane 02,146,90.0,train
2026-05-26,Oil Field Truck,Truck,Truck,transport,130.0,0.0,,YARD LIMAU → SP-KARANGAN → SP-KARANGAN → YARD LIMAU,"- Mobilisasi Dozer 02 dari Trunkline SP 09 ke 282 cluster niru
 - ⁠Mobilisasi excavator 01 dari KRG-12 ke LMC-36",TrontonWinch,147,77.0,train
2026-05-26,Prime Mover,Truck,Truck,transport,90.0,0.0,74.5,POOL LIMAU → YARD LIMAU → SP-KARANGAN → SP-KARANGAN → POOL LIMAU,Mobilisasi pipa dari yard limau ke KRG-12,Prime Mover,147,88.0,train
2026-05-26,Truck Crane 01,Crane,Crane,transport_and_lifting,60.0,4.0,54.4,POOL LIMAU → YARD LIMAU → SP-V → POOL LIMAU,Lifting pompa injeksi di SP V,Truck Crane 01,147,86.0,train
2026-05-26,Truck Crane 02,Crane,Crane,transport_and_lifting,85.0,3.0,77.8,YARD LIMAU → SP-KARANGAN → SP TMB → POOL LIMAU,Lifting WHC BNG-49 dari yard limau di bawa ke lokasi SP TMB,Truck Crane 02,147,85.0,train
2026-05-26,Wheel Crane,Crane,Crane,transport_and_lifting,15.0,4.0,26.6,POOL LIMAU → YARD LIMAU,"- ngkut polish road 1 btg dari WS ESP limau
 - Lifting tagbotom / ganti polish road di lokasi 284",Whellcrane,147,90.0,train
2026-05-28,Oil Field Truck,Truck,Truck,transport,90.0,0.0,,YARD LIMAU → POOL LIMAU → BEL-033 → YARD LIMAU,Mobilisasi BHL-02 dari yard limau ke lokasi Bel-33,TrontonWinch,149,55.0,train
2026-05-29,Prime Mover,Truck,Truck,transport,85.0,0.0,81.7,POOL LIMAU → YARD LIMAU → SP-KARANGAN → POOL LIMAU,Mobilisasi/muat bongkar gearbox PU untuk reposissi PU di lokasi TMB-13,Prime Mover,150,84.0,train
2026-05-29,Truck Crane 01,Crane,Crane,transport_and_lifting,85.0,5.0,78.8,POOL LIMAU → YARD LIMAU → SP-KARANGAN → POOL LIMAU,Lifting/muat Lifting perlatan PU untuk reposissi PU di lokasi TMB-13,Truck Crane 01,150,103.0,train
2026-05-29,Truck Crane 02,Crane,Crane,transport_and_lifting,85.0,5.0,78.4,POOL LIMAU → YARD LIMAU → SP-KARANGAN → POOL LIMAU,Lifting peralatan PU untuk reposissi PU di lokasi TMB-13,Truck Crane 02,150,103.0,train
2026-05-29,Wheel Crane,Crane,Crane,transport_and_lifting,85.0,4.0,77.8,POOL LIMAU → YARD LIMAU → SP-KARANGAN → POOL LIMAU,Lifting diemantle/Lifting dan Lifting ke mobil transport perlatan PU dan semen bis PU untuk reposissi PU di lokasi TMB-13,Whellcrane,150,154.0,train
2026-05-29,Winch Truck,Truck,Truck,transport,85.0,0.0,81.4,POOL LIMAU → YARD LIMAU → SP-KARANGAN → POOL LIMAU,melayani transport/muat bongkar semen bis PU untuk reposissi PU di lokasi TMB-13,TrontonWinch,150,84.0,train
2026-05-30,Oil Field Truck,Truck,Truck,transport,185.0,0.0,,YARD LIMAU → YARD LIMAU,"- Mobilisasi excavator 04 dari lokasi arahan Tanjung lontar ke simpang 5 talang jimar
 - ⁠Mobilisasi BHL-02 dari yard limau ke lokasi Bel-27",TrontonWinch,151,108.0,train
2026-05-30,Truck Crane 01,Crane,Crane,transport_and_lifting,36.0,4.0,35.0,POOL LIMAU → YARD LIMAU → SP-BELIMBING → POOL LIMAU,Lifting setting pipa di SP Belimbing,Truck Crane 01,151,75.0,train
2026-05-30,Wheel Crane,Crane,Crane,transport_and_lifting,90.0,4.0,70.6,POOL LIMAU → YARD LIMAU → SP-KARANGAN → SP-KARANGAN → POOL LIMAU,lifting reposisi dan setting Tanki di lokasi KRG-12,Whellcrane,151,160.0,train
2026-05-31,Oil Field Truck,Truck,Truck,transport,185.0,0.0,,YARD LIMAU,"- Mobilisasi Vibro dari Sp.03 ke SP.02
 - Mobilisasi excavator 04 dari lokasi arahan Tanjung lontar ke Kampung minyak",TrontonWinch,152,108.0,train
2026-05-31,Prime Mover,Truck,Truck,transport,80.0,0.0,79.7,YARD LIMAU → SP-BELIMBING → SP-BELIMBING → POOL LIMAU,,Prime Mover,152,79.0,train
2026-06-05,Oil Field Truck,Truck,Truck,transport,45.0,0.0,,POOL LIMAU → YARD LIMAU,Mobilisasi dozer 03 dari baru rambang ke jalan trunkline Sp V ke arah SP VII,TrontonWinch,157,49.0,train
2026-06-05,Truck Crane 02,Crane,Crane,transport_and_lifting,90.0,4.0,71.3,POOL LIMAU → YARD LIMAU → SP-KARANGAN → POOL LIMAU,Lifting slab beton pondasi tanki di KRG-12,Truck Crane 02,157,95.0,train
2026-06-05,Wheel Crane,Crane,Crane,transport_and_lifting,40.0,6.0,33.8,YARD LIMAU → SP-BELIMBING → YARD LIMAU,Lanjut Lifting lifting spool mainfold di dalam SP Belimbing,Whellcrane,157,145.0,train
2026-06-06,Oil Field Truck,Truck,Truck,transport,35.0,0.0,,POOL LIMAU → YARD LIMAU,Mobilisasi BHL-02 dari yard limau ke lokasi Bel-33,TrontonWinch,158,40.0,train
2026-06-06,Wheel Crane,Crane,Crane,transport_and_lifting,2.0,3.0,1.9,POOL LIMAU → YARD LIMAU → POOL LIMAU,Lanjut Lifting lifting spool mainfold di dalam SP Belimbing,Whellcrane,158,61.0,train
2026-06-08,Prime Mover,Truck,Truck,transport,35.0,0.0,61.8,POOL LIMAU → YARD LIMAU,Mobilisasi semen bis PU besar dari lokasi Bel-50 ke lokasi LMC-36 (Pak didi),Prime Mover,160,48.0,train
2026-06-08,Truck Crane 01,Crane,Crane,transport_and_lifting,35.0,2.0,61.0,POOL LIMAU → YARD LIMAU,Lifting peralatan PU dari Bel-50 ke lokasi LMC-36 (Pak didi),Truck Crane 01,160,45.0,train
2026-06-08,Truck Crane 02,Crane,Crane,transport_and_lifting,60.0,2.5,59.3,POOL LIMAU → YARD LIMAU → SP-KARANGAN,Lifting dan Lifting enggine arrow dari WS ram limau ke KRG-31,Truck Crane 02,160,63.0,train
2026-06-08,Wheel Crane,Crane,Crane,transport_and_lifting,35.0,6.0,60.8,POOL LIMAU → YARD LIMAU,Lifting PU dan Lifting semen bis peralatan PU ke mobil transport di lokasi Bel-50 dan Lifting semen bis dam peralatan PU di lokasi LMC-36,Whellcrane,160,136.0,train
2026-06-08,Winch Truck,Truck,Truck,transport,35.0,0.0,60.9,POOL LIMAU → YARD LIMAU,Mobilisasi semen bis PU kecil dari lokasi Bel-50 ke lokasi LMC-36 (Pak didi) WINCH TRUCK,TrontonWinch,160,48.0,train
2026-06-09,Oil Field Truck,Truck,Truck,transport,95.0,0.0,,YARD LIMAU → SP-III,Mobilisasi excavator 01 dari SP 03 ke KRG-17,TrontonWinch,161,58.0,train
2026-06-09,Prime Mover,Truck,Truck,transport,85.0,0.0,61.9,POOL LIMAU → YARD LIMAU → POOL LIMAU,Lanjut Mobilisasi gaerbox PU dari lokasi Bel-50 ke lokasi LMC-36 (Pak didi),Prime Mover,161,84.0,train
2026-06-09,Wheel Crane,Crane,Crane,transport_and_lifting,30.0,6.0,18.0,POOL LIMAU → YARD LIMAU → POOL LIMAU,Lifting setting semen bis dan PU di lokasi LMC-36,Whellcrane,161,136.0,train
2026-06-10,Oil Field Truck,Truck,Truck,transport,101.0,0.0,,YARD LIMAU → SP-V → SP-XI → YARD LIMAU,"Mobilisasi excvataor 07 dari baru rambang ke SP V, Mobilisasi excavator 02 dari SP 03 ke lokasi SP XI",TrontonWinch,162,62.0,train
2026-06-10,Truck Crane 01,Crane,Crane,transport_and_lifting,60.0,4.0,74.8,POOL LIMAU → YARD LIMAU → SP-KARANGAN → SP-KARANGAN,"Lifting pipa dari yard limau ke lokasi KRG-12 (Pak hendro), lanjut setting WHC di epf TMB (Pak reno)",Truck Crane 01,162,80.0,train
2026-06-10,Truck Crane 02,Crane,Crane,transport_and_lifting,56.0,6.0,33.2,POOL LIMAU → YARD LIMAU → L5A-123,"Lifting slickline dari WS Wiws limau ke lokasi Bel-41 dan melayani job slickline , job slickline ke lokasi 123",Truck Crane 02,162,107.0,train
2026-06-11,Oil Field Truck,Truck,Truck,transport,80.0,0.0,,,Mobilisasi dozer 02 dari LMC-23 ke lokasi 282,TrontonWinch,163,50.0,train
2026-06-11,Wheel Crane,Crane,Crane,transport_and_lifting,50.0,6.0,35.0,YARD LIMAU → SP-BELIMBING → YARD LIMAU,Lanjut Lifting lifting spool mainfold di dalam SP Belimbing,Whellcrane,163,151.0,train
2026-06-12,Oil Field Truck,Truck,Truck,transport,121.0,0.0,,SP-KARANGAN → SP TMB → SP-KARANGAN → YARD LIMAU,"Mobilisasi BHL-01 dari lokasi KRG-02 ke lokasi SP TMB, Mobilisasi excavator 04 dari lokasi LMC-23 ke lokasi SKG-01",TrontonWinch,164,73.0,train
2026-06-12,Truck Crane 01,Crane,Crane,transport_and_lifting,7.0,6.0,11.9,POOL LIMAU → YARD LIMAU → YARD LBD,"Lifting penyusunan kabel dan drum di yard ESP limau dan pemindahan BB security ke yard LBD, Lifting peralatan ESP dari lokasi 194 ke lokasi WS ESP limau (Pak fachkri)",Truck Crane 01,164,85.0,train
2026-06-12,Wheel Crane,Crane,Crane,transport_and_lifting,50.0,6.0,34.0,YARD LIMAU → SP-BELIMBING → YARD LIMAU,Lanjut Lifting lifting spool mainfold di dalam SP Belimbing,Whellcrane,164,151.0,train
2026-06-13,Oil Field Truck,Truck,Truck,transport,145.0,0.0,,SP-KARANGAN → SP TMB → SP-KARANGAN → YARD LIMAU,"Movig dozer 03 dari 050 ke yard cambai, Movi g whelloader dari yard limau ke Bel-55, Mobilisasi BHL 02 dari sp belimbing ke Bel-55, Mobilisasi excavator 02 dari jalan trunk line ke SP XI",TrontonWinch,165,104.0,train
2026-06-13,Wheel Crane,Crane,Crane,transport_and_lifting,50.0,6.0,35.0,YARD LIMAU → SP-BELIMBING → YARD LIMAU,Lanjut Lifting lifting spool mainfold di dalam SP Belimbing,Whellcrane,165,151.0,train
2026-06-14,Oil Field Truck,Truck,Truck,transport,150.0,0.0,,,"Mobilisasi BHL-02 dari Bel-35 ke LMC-35, Mobilisasi greader 02 dari yard limau ke Bel-55, Mobilisasi vibro 02 dari yard limau ke Bel-55",TrontonWinch,166,88.0,train
2026-06-15,Truck Crane 01,Crane,Crane,transport_and_lifting,94.0,4.0,68.0,POOL LIMAU → YARD LIMAU → SP-KARANGAN → SP-KARANGAN,Lifting dan settting enggine arrow dari WS PU limau ke lokasi KRG-24 (Pak didi),Truck Crane 01,167,90.0,train
2026-06-15,Truck Crane 02,Crane,Crane,transport_and_lifting,15.0,6.0,17.1,POOL LIMAU → YARD LIMAU → SP-XI,Lifting van gas dari WS limau ke SP XI dan melayani Lifting pergantian enggine,Truck Crane 02,167,85.0,train
2026-06-15,Wheel Crane,Crane,Crane,transport_and_lifting,2.0,5.0,1.8,,Lifting lifting penyusunan peralatan WIWS di WS dan yard WIWS Limau,Whellcrane,167,87.0,train
2026-06-16,Truck Crane 01,Crane,Crane,transport_and_lifting,90.0,4.0,73.4,POOL LIMAU → YARD LIMAU,"UnLifting Loading enggine arrow dari pool limau ke WS PU limau, Lifting pipa dari yard limau ke lokasi KRG 12 (Pak hendro)",Truck Crane 01,168,94.0,train
2026-06-16,Wheel Crane,Crane,Crane,transport_and_lifting,90.0,5.0,71.2,POOL LIMAU → YARD LIMAU,Lifting setting tanki di lokasi KRG-12,Whellcrane,168,180.0,train
2026-06-16,Winch Truck,Truck,Truck,transport,90.0,0.0,88.3,POOL LIMAU → YARD LIMAU,Mobilisasi pipa dari yard limau ke lokasi KRG-12 (Winch truck) Pak khairul,TrontonWinch,168,88.0,test
2026-06-17,Oil Field Truck,Truck,Truck,transport,8.0,0.0,,POOL LIMAU → YARD LIMAU → YARD LBD → POOL LIMAU,Mobilisasi peralatan ESP sam pemindahan tanki rusak ke yard LBD (winch truck) Pak khairul,TrontonWinch,169,20.0,train
2026-06-17,Prime Mover,Truck,Truck,transport,58.0,0.0,46.1,POOL LIMAU → YARD LIMAU → YARD PRABUMULIH → POOL LIMAU,Mobilisasi pipa bekas dari yard Lapes prabumulih ke yard LBD Limau (Pak fauzan),Prime Mover,169,59.0,train
2026-06-17,Wheel Crane,Crane,Crane,transport_and_lifting,2.0,5.0,1.8,,Lifting lifting penyusunan peralatan WIWS di WS dan yard WIWS Limau,Whellcrane,169,93.0,test
2026-06-18,Oil Field Truck,Truck,Truck,transport,8.0,0.0,,POOL LIMAU → YARD LIMAU → YARD LBD,Mobilisasi peralatan ESP dan pemindahan tangki rusak ke yard LBD Limau (winch truck) Pak khairul,TrontonWinch,170,20.0,train
2026-06-18,Truck Crane 01,Crane,Crane,transport_and_lifting,35.0,4.0,36.3,POOL LIMAU → YARD LIMAU → SP-BELIMBING,Lifting enggine dari SP belimbing ke WS Ram limau(Pak dedi armansyah),Truck Crane 01,170,69.0,train
2026-06-18,Truck Crane 02,Crane,Crane,transport_and_lifting,35.0,5.0,42.0,POOL LIMAU → YARD LIMAU,Lifting pompa transfer dari WS limau ke well booster Bel-50,Truck Crane 02,170,80.0,train
2026-06-18,Wheel Crane,Crane,Crane,transport_and_lifting,2.0,1.0,0.0,,Lifting lifting penyusunan peralatan WIWS di WS dan yard WIWS Limau,Whellcrane,170,29.0,test
2026-06-19,Oil Field Truck,Truck,Truck,transport,98.0,0.0,,YARD LIMAU → SP-V,"Mobilisasi excvator 02 dari jalan trunkline SP VIII ke lokasi 309, Mobilisasi excavator 07 dari lokasi SP V ke yard cambai",TrontonWinch,171,60.0,train
2026-06-19,Truck Crane 01,Crane,Crane,transport_and_lifting,15.0,3.0,22.9,POOL LIMAU → YARD LIMAU → SP-XI,Lifting pipa bekas dari booter niru ke yard LBD limau (Pak agam),Truck Crane 01,171,48.0,test
2026-06-20,Oil Field Truck,Truck,Truck,transport,50.0,0.0,,YARD LIMAU → SP-X → YARD LIMAU → YARD LIMAU,"Mobilisasi Dozer 02 dari lokasi 282 cluster niru ke SP X, Mobilisasi greader 02 dari yard limau ke Bel-50",TrontonWinch,172,48.0,train
2026-06-20,Truck Crane 01,Crane,Crane,transport_and_lifting,2.0,2.0,3.0,POOL LIMAU → YARD LIMAU,Lifting material sisa peralatan ESP dari gudang SCM ke WS WIWS (Pak rais),Truck Crane 01,172,36.0,test
2026-06-21,Oil Field Truck,Truck,Truck,transport,78.0,0.0,,YARD LIMAU → YARD LIMAU,Mobilisasi greader 02 dari Bel-35 ke lokasi 309,TrontonWinch,173,49.0,train
2026-06-22,Prime Mover,Truck,Truck,transport,83.0,0.0,73.3,POOL LIMAU → YARD LIMAU → SP-KARANGAN,Mobilisasi semen bis dan gearbox PU untuk reposisi PU di lokasi KRG-32 (Pak didi),Prime Mover,174,82.0,train
2026-06-22,Truck Crane 01,Crane,Crane,transport_and_lifting,83.0,3.5,73.7,POOL LIMAU → YARD LIMAU → SP-KARANGAN,Lifting peralatan PU untuk reposisi PU di lokasi KRG-35 (Pak didi),Truck Crane 01,174,85.0,test
2026-06-22,Truck Crane 02,Crane,Crane,transport_and_lifting,83.0,3.5,72.8,POOL LIMAU → YARD LIMAU → SP-KARANGAN,Lifting peralatan PU untuk Lifting PU di lokasi KRG-35,Truck Crane 02,174,85.0,train
2026-06-22,Wheel Crane,Crane,Crane,transport_and_lifting,83.0,4.0,72.4,POOL LIMAU → YARD LIMAU → SP-KARANGAN,"Lifting PU di lokasi KRG-32, Lifting semen bis dan peralatan PU ke mobil transport untuk reposisi PU di KRG-32",Whellcrane,174,160.0,test
2026-06-22,Winch Truck,Truck,Truck,transport,83.0,0.0,72.7,POOL LIMAU → YARD LIMAU → SP-KARANGAN,Mobilisasi semen bis dan peralatan PU untuk Mobilisasi PU (Pak didi) WINCH TRUCK,TrontonWinch,174,82.0,test
2026-07-01,Truck Crane 01,Crane,Crane,transport_and_lifting,4.0,5.0,4.2,POOL LIMAU,Lifting material di yard WIWS limau ke yard LB.03 (Pak rais),Truck Crane 01,183,70.0,test
2026-07-01,Truck Crane 02,Crane,Crane,transport_and_lifting,18.0,2.0,11.8,YARD LIMAU,Lifting Tank TOS ke area yang aman untuk di Lifting ke Winchtruck di bawa ke BEL-50 (Pak gustiawan),Truck Crane 02,183,45.0,train
2026-07-02,Oil Field Truck,Truck,Truck,transport,127.0,0.0,,YARD LIMAU → YARD LIMAU,Mobilisasi excavator 04 dari lokasi 226 ke lokasi 045 (Pak zakia),TrontonWinch,184,100.0,train
2026-07-02,Truck Crane 02,Crane,Crane,transport_and_lifting,50.0,5.0,43.4,POOL LIMAU → YARD LIMAU,Lifting 2 unit Tank TOS di lokasi BEL-50 (Pak gustiawan),Truck Crane 02,184,95.0,train
2026-07-02,Wheel Crane,Crane,Crane,transport_and_lifting,4.0,4.0,2.1,POOL LIMAU → YARD LIMAU → POOL LIMAU,"Lifting cubing ke mobil transport dari yard SCM ke WIWS limau, Lanjut lifting penyusunan perapian cubing di yrad WIWS limau (Pak rais)",Whellcrane,184,79.0,test
2026-07-03,Oil Field Truck,Truck,Truck,transport,110.0,0.0,,YARD LIMAU,Mobilisasi excavator 01 dari lokasi KRG 11 ke jalan simpang PAL-12,TrontonWinch,185,100.0,train
2026-07-03,Truck Crane 02,Crane,Crane,transport_and_lifting,4.0,4.0,2.8,POOL LIMAU → YARD LIMAU,Lifting penyusunan material SRP dari yard SCM limau ke WS WIWS limau (Pak rais),Truck Crane 02,185,79.0,test
2026-07-04,Oil Field Truck,Truck,Truck,transport,168.0,0.0,,YARD LIMAU → YARD LIMAU,"Mobilisasi dozer 01 dari lokasi 260 ke 309, Mobilisasi Dozer 02 dari lokasi 226 ke 131",TrontonWinch,186,100.0,train
2026-07-04,Truck Crane 02,Crane,Crane,transport_and_lifting,4.0,4.0,7.7,POOL LIMAU → YARD LIMAU → POOL LIMAU,"Lifting genset dari WS ram ke LMC-033, dan Lifting ex genset dari lokasi LMC-033 ke WS Ram (Pak Fackhri)",Truck Crane 02,186,79.0,test
2026-07-06,Oil Field Truck,Truck,Truck,transport,168.0,0.0,,YARD LIMAU → SP-III → SP-V,"Mobilisasi Vibro 02 dari 02 dari lokasi 033 ke SP 03, Mobilisasi vibro BHL-03 dari lokasi SP V ke lokasi 254",TrontonWinch,188,98.0,train
2026-07-06,Truck Crane 01,Crane,Crane,transport_and_lifting,50.0,4.0,43.5,POOL LIMAU → YARD LIMAU,Lifting engine mmu di lokasi Bel-50 (Pak gustiawan),Truck Crane 01,188,80.0,test
2026-07-07,Oil Field Truck,Truck,Truck,transport,170.0,0.0,,YARD LIMAU → YARD LIMAU,"Mobilisasi excavator 04 dari lokasi SP VII ke lokasi 229, Mobilisasi BHL 03 dari 017 ke danu palo jimenang, Mobilisasi Dozer 01 dari lokasi 309 ke 305",TrontonWinch,189,100.0,train
2026-07-07,Truck Crane 01,Crane,Crane,transport_and_lifting,20.0,4.0,18.9,POOL LIMAU → YARD LIMAU → POOL LIMAU,Lifting dan setting enggine arrow dari WS PU limau ke lokasi LMC-36 (Pak didi),Truck Crane 01,189,62.0,test
2026-07-07,Wheel Crane,Crane,Crane,transport_and_lifting,20.0,4.0,18.1,POOL LIMAU → YARD LIMAU → POOL LIMAU,Lifting Install PU di lokasi LMC-36 (Pak didi),Whellcrane,189,89.0,test
2026-07-08,Oil Field Truck,Truck,Truck,transport,137.0,0.0,,YARD LIMAU → POOL LIMAU → SP-X,"Mobilisasi BHL-03 dari yard limau ke SP X, Mobilisasi excavator 06 dari lokasi 260 ke desa jimenang danau palo",TrontonWinch,190,100.0,train
2026-07-08,Truck Crane 02,Crane,Crane,transport_and_lifting,4.0,4.0,3.6,POOL LIMAU → YARD LIMAU → POOL LIMAU,Lifting peralatan dan cabel ESP di WS ESP Limau (Pak fachkri),Truck Crane 02,190,79.0,test
2026-07-09,Oil Field Truck,Truck,Truck,transport,128.0,0.0,,YARD LIMAU → SP-KARANGAN,"Mobilisasi BHL-03 dari simpang pinang ke lokasi 290, Mobilisasi excavator 01 dari lokasi KRG-25 ke lokasi 309",TrontonWinch,191,77.0,test
2026-07-09,Truck Crane 02,Crane,Crane,transport_and_lifting,75.0,3.0,39.5,POOL LIMAU → YARD LIMAU → SP-X → POOL LIMAU,Lifting ex pipa dari SP X ke yard LB Limau (Pak efran),Truck Crane 02,191,75.0,test
2026-07-10,Oil Field Truck,Truck,Truck,transport,175.0,0.0,,YARD LIMAU,"Mobilisasi vibro 02 dari simpang pinang ke 188, Mobilisasi excavator 02 dari SP 09 ke LMC 28, Mobilisasi dozer 02 dari 086 ke lokasi 203",TrontonWinch,192,102.0,test
2026-07-10,Prime Mover,Truck,Truck,transport,80.0,0.0,78.5,POOL LIMAU → YARD LIMAU → SP-KARANGAN,Mobilisasi pipa dari yard limau ke lokasi KRG 14 dan 15 (Pak zakia),Prime Mover,192,79.0,test
2026-07-11,Oil Field Truck,Truck,Truck,transport,145.0,0.0,,YARD LIMAU,Mobilisasi vibro 01 dari 309 ke 203,TrontonWinch,193,100.0,test
2026-07-12,Oil Field Truck,Truck,Truck,transport,153.0,0.0,,YARD LIMAU → YARD LIMAU → SP-V,"Mobilisasi BHL 03 dari lokasi yard limau ke 131 SP V, Mobilisasi dozer 01 dari 260 ke LMC-28 (Pak zakia)",TrontonWinch,194,98.0,test
2026-07-13,Oil Field Truck,Truck,Truck,transport,163.0,0.0,,YARD LIMAU,"Mobilisasi dozer 02 dari lokasi 082 ke 058 SP VIII, Mobilisasi excavator 01 dari 082 ke 058 SP VIII",TrontonWinch,195,100.0,test
2026-07-13,Truck Crane 01,Crane,Crane,transport_and_lifting,6.0,4.0,3.7,POOL LIMAU → YARD LIMAU → POOL LIMAU,Lifting cabel round dan lanjut prepare peralatan ESP untuk lokasi 269 (Pak khairul),Truck Crane 01,195,61.0,test
2026-07-14,Prime Mover,Truck,Truck,transport,68.0,0.0,78.1,POOL LIMAU → YARD LIMAU → SP-KARANGAN,"Mobilisasi unit dari yard limau ke KRG 10, Mobilisasi semen bis besar PU dari lokasi KRG 10 ke KRG-15 (Pak didi)",Prime Mover,196,68.0,test
2026-07-14,Truck Crane 01,Crane,Crane,transport_and_lifting,68.0,4.0,74.9,POOL LIMAU → YARD LIMAU → SP-KARANGAN,"Lifting unit dari yard limau ke KRG 10, Lifting peralatan PU dari lokasi KRG 10 ke KRG-15 (Pak didi)",Truck Crane 01,196,84.0,test
2026-07-14,Truck Crane 02,Crane,Crane,transport_and_lifting,68.0,4.0,54.1,POOL LIMAU → YARD LIMAU → SP-KARANGAN,"Lifting unit dari yard limau ke KRG 10, Lifting peralatan PU dari lokasi KRG 10 ke KRG-15 (Pak didi)",Truck Crane 02,196,84.0,test
2026-07-14,Wheel Crane,Crane,Crane,transport_and_lifting,68.0,6.0,39.2,POOL LIMAU → YARD LIMAU → SP-KARANGAN,"Lifting unit dari yard limau ke KRG 10, Lifting peralatan unit PU dan Lifting ke transport di KRG 10 dan Lifting Liftingan PU dari transport di KRG 15 dan setting (Pak didi)",Whellcrane,196,169.0,test
2026-07-15,Truck Crane 02,Crane,Crane,transport_and_lifting,45.0,4.0,47.8,POOL LIMAU → YARD LIMAU → SP-KARANGAN,"Lifting unit dari yard limau ke KRG 29, suport Lifting PU KRG 29 ke KRG 14 (Pak didi)",Truck Crane 02,197,73.0,test
2026-07-16,Prime Mover,Truck,Truck,transport,50.0,0.0,47.3,POOL LIMAU → YARD LIMAU → YARD PRABUMULIH → YARD LIMAU → POOL LIMAU,Mobilisasi pipa dari yard prabumulih ke YArd limau (Pak jalil),Prime Mover,198,50.0,test
2026-07-17,Oil Field Truck,Truck,Truck,transport,121.0,0.0,,POOL LIMAU → SP-III → SP-BELIMBING,Mobilisasi BHL 02 dari LMC 29 ke SP Belimbing,TrontonWinch,199,100.0,test
2026-07-17,Truck Crane 01,Crane,Crane,transport_and_lifting,30.0,5.0,33.6,YARD LIMAU → SP-X → SP-KARANGAN → SP-KARANGAN,Lifting FBHP/Slickline dari WS ESP Limau ke Lokasi Bel 41 (Pak khairul),Truck Crane 01,199,85.0,test
2026-07-17,Truck Crane 02,Crane,Crane,transport_and_lifting,40.0,3.0,0.0,POOL LIMAU → YARD LIMAU → SP-BELIMBING → POOL LIMAU,Lifting WHC ke mobil Lifting di lokasi SP Belimbing (Pak gustiawan),Truck Crane 02,199,65.0,test
2026-07-18,Truck Crane 02,Crane,Crane,transport_and_lifting,90.0,4.0,0.0,POOL LIMAU → YARD LIMAU → SP-KARANGAN → SP TMB,Lifting PPD 15 drum ke SP Karangan dan SP TMB-epf (Pak dedi wibowo),Truck Crane 02,200,100.0,test
2026-07-19,Wheel Crane,Crane,Crane,transport_and_lifting,2.0,4.0,1.9,POOL LIMAU → YARD LIMAU,Lifting pemilahan peralatan ESP keperluan repair respec di WS ESP limau (Pak khairul),Whellcrane,201,71.0,test
2026-07-20,Prime Mover,Truck,Truck,transport,135.0,0.0,74.9,POOL LIMAU → YARD LIMAU → SP-KARANGAN,"Mobilisasi unit dari yard limau ke KRG 18, Mobilisasi semen bis besar PU dari lokasi KRG 18 ke KRG-29 (Pak didi)",Prime Mover,202,130.0,test
2026-07-20,Truck Crane 01,Crane,Crane,transport_and_lifting,135.0,3.0,75.3,POOL LIMAU → YARD LIMAU → SP-KARANGAN,"Lifting unit dari yard limau ke KRG 18, Lifting peralatan PU dari lokasi KRG 18 ke KRG-29 (Pak didi)",Truck Crane 01,202,100.0,test
2026-07-20,Truck Crane 02,Crane,Crane,transport_and_lifting,135.0,3.0,0.0,POOL LIMAU → YARD LIMAU → SP-KARANGAN,"Lifting unit dari yard limau ke KRG 18, Lifting peralatan PU dari lokasi KRG 18 ke KRG-29 (Pak didi)",Truck Crane 02,202,100.0,test
2026-07-20,Winch Truck,Truck,Truck,transport,135.0,0.0,75.0,POOL LIMAU → YARD LIMAU → SP-KARANGAN,"Mobilisasi unit dari yard limau ke KRG 18, Mobilisasi gearbox PU dari lokasi KRG 18 ke KRG-29 (Pak didi) WINCH TRUCK",TrontonWinch,202,130.0,test
2026-07-21,Oil Field Truck,Truck,Truck,transport,170.0,0.0,,POOL LIMAU → YARD LIMAU → SP-X → SP-VII,"Mobilisasi excavator 02 dari SP X ke 140 SP VII, Mobilisasi DOzer 02 dari jalan suction SP X ke jalan suction SKG-01, Mobilisasi excavator 01 dari jalan suction SP X ke jalan suction SKG-01",TrontonWinch,203,99.0,test
2026-07-21,Truck Crane 02,Crane,Crane,transport_and_lifting,2.0,5.0,0.0,POOL LIMAU → YARD LIMAU → SP-KARANGAN,Lifting pemilahan peralatan ESP di WS ESP Limau (Pak khairul),Truck Crane 02,203,76.0,test
2026-07-22,Prime Mover,Truck,Truck,transport,60.0,0.0,61.1,POOL LIMAU → YARD LIMAU → POOL LIMAU → SP-KARANGAN → YARD PRABUMULIH → YARD LIMAU → POOL LIMAU,"Mobilisasi whelloader dari yard limau ke SP karangan, Lanjut Mobilisasi pipa dari yard prabumulih ke yard limau (Pak zakia, Pak novan)",Prime Mover,204,61.0,test
2026-07-22,Truck Crane 01,Crane,Crane,transport_and_lifting,60.0,3.0,54.8,POOL LIMAU → YARD LIMAU → SP-KARANGAN → POOL LIMAU,Lifting enggine pompa dari SP karangan ke WS Ram Limau (Pak hafiz),Truck Crane 01,204,68.0,test
2026-07-22,Wheel Crane,Crane,Crane,transport_and_lifting,60.0,4.0,35.1,SP-KARANGAN → POOL LIMAU,Lifting unit dari KRG 12 ke yard limau (Pak didi),Whellcrane,204,129.0,test
2026-07-23,Oil Field Truck,Truck,Truck,transport,150.0,0.0,,YARD LIMAU → POOL LIMAU → SP-KARANGAN → SP-KARANGAN,"Mobilisasi vibro 03 dari KRG 12 ke SP karangan, Mobilisasi VIbro 02 dari yard limau ke caban SP 08",TrontonWinch,205,92.0,test
2026-07-23,Prime Mover,Truck,Truck,transport,85.0,0.0,49.5,POOL LIMAU → YARD LIMAU → SP-KARANGAN → POOL LIMAU,Mobilisasi whelloader dari SP karangan ke SP 09,Prime Mover,205,84.0,test
2026-07-25,Oil Field Truck,Truck,Truck,transport,138.0,0.0,,YARD LIMAU → YARD LIMAU,Mobilisasi excavator 06 dari danau palo desa jimenang ke lokasi 260,TrontonWinch,207,93.0,test
2026-07-27,Truck Crane 02,Crane,Crane,transport_and_lifting,25.0,4.0,0.0,POOL LIMAU → YARD LIMAU → L5A-309 → SP-XI → POOL LIMAU,Lifting Lifting 4 pcs slab beton dari 309 ke SP XI (Pak aditya),Truck Crane 02,209,70.0,test
2026-07-28,Oil Field Truck,Truck,Truck,transport,170.0,0.0,,YARD LIMAU → SP-BELIMBING → BEL-050 → SP-BELIMBING → YARD LIMAU,Mobilisasi BHL 02 dari yard limau ke Bel-50,TrontonWinch,210,98.0,test
2026-07-28,Truck Crane 01,Crane,Crane,transport_and_lifting,100.0,3.0,75.1,YARD LIMAU → SP-KARANGAN → SP-KARANGAN,"Lifting tubing bekas dari yard limau ke KRG 12, malayani reposisi enggine HPU di KRG 22 (Pak dedi wibowo)",Truck Crane 01,210,95.0,test
2026-07-28,Wheel Crane,Crane,Crane,transport_and_lifting,10.0,5.0,0.0,SP-XI → YARD LIMAU,lifting tie in di area lokasi SP niru - SP XI (Pak aditya),Whellcrane,210,102.0,test
2026-07-29,Oil Field Truck,Truck,Truck,transport,150.0,0.0,,YARD LIMAU → SP-BELIMBING → SP-BELIMBING → YARD LIMAU,Mobilisasi Vibro 02 dari yard limau ke Bel-06,TrontonWinch,211,88.0,test
2026-07-29,Prime Mover,Truck,Truck,transport,60.0,0.0,38.2,YARD LIMAU → SP-X,Mobilisasi pipa DRL dari yard limau ke Sp.10 (pak asef riadi),Prime Mover,211,61.0,test
2026-07-30,Oil Field Truck,Truck,Truck,transport,159.0,0.0,,YARD LIMAU → SP-VII → L5A-045 → SP-VII → SP-V → SP-V → SP-VII → L5A-045 → SP-VII → SP-V → SP-V → SP-VII,"Mobilisasi alat berat excaator 01 dari 045 ke jalan trunkline SP. V, Mobilisasi Bulldozer dari 045 ke jalan trunkline Sp V",TrontonWinch,212,93.0,test
2026-07-30,Prime Mover,Truck,Truck,transport,45.0,0.0,40.6,YARD LIMAU → SP-BELIMBING,Mobilisasi pipa DRL daru yard limau ke lokasi BEL.06,Prime Mover,212,47.0,test
2026-07-31,Oil Field Truck,Truck,Truck,transport,150.0,0.0,,YARD LIMAU → SP-BELIMBING → BEL-050 → SP-BELIMBING → SP-VIII → L5A-084 → SP-VIII → YARD LIMAU,Mobilisasi VIbro 02 dari Bel-50 ke SP VIII,TrontonWinch,213,82.0,test
2026-07-31,Truck Crane 02,Crane,Crane,transport_and_lifting,90.0,3.0,0.0,YARD LIMAU → SP-X → YARD LIMAU,"Lifting chamber dan pompa ejp di dlam SP X, Lifting dan Lifting pompa ejp dai SP X ke pool EJP di tanjung raman jalan lingkar (Pak asef)",Truck Crane 02,213,89.0,test
2026-08-03,Oil Field Truck,Truck,Truck,transport,158.0,0.0,,YARD LIMAU → POOL LIMAU,Mobilisasi Dozer 01 dari lokasi 260 ke lokasi 203 SP VIII,TrontonWinch,216,77.0,test
2026-08-12,Prime Mover,Truck,Truck,transport,70.0,0.0,66.8,POOL LIMAU → YARD LIMAU → SP-KARANGAN,Muat semen bis besar PU besar di lokasi 260 ke KRG 34,Prime Mover,225,69.0,test
2026-08-12,Winch Truck,Truck,Truck,transport,70.0,0.0,62.9,POOL LIMAU → YARD LIMAU → YARD LIMAU → SP-KARANGAN,Mobilisasi semen bis kecil PU dari yard limau ke KRG 34,TrontonWinch,225,63.0,test
